,filename,scratchpos_edge,scratchpos_center,scratchpos_baffle
0,000a849f.csv,,,
1,000bd931.csv,,,
2,001bd932.csv,,,15626 15668 
3,0029d521.csv,,,10937 10974 
4,00338f0c.csv,,,
5,003755d2.csv,,,
6,0055747a.csv,,,
7,0075a694.csv,,,
8,00877fa0.csv,,,
9,00925609.csv,,,
10,00b29eae.csv,,,
11,0101073f.csv,,,
12,011d10b1.csv,,,
13,0144d79d.csv,,,
14,015245d7.csv,,,
15,01576a9d.csv,,,
16,0190c79e.csv,,,
17,01933c83.csv,,,
18,01e3bc75.csv,,,
19,01e51f9d.csv,,26787 26879 ,
20,01e86967.csv,,,
21,021f4bc3.csv,,,
22,025edefe.csv,,,
23,028180d3.csv,,,
24,02859d01.csv,7577 7662 ,,
25,028a1a65.csv,,,
26,02af7a4d.csv,,,
27,02d53c48.csv,,,
28,02dff66f.csv,,,
29,033d6c66.csv,,,
30,04457531.csv,6288 6325 ,,
31,0482e6ac.csv,,27684 27793 ,
32,0489f612.csv,,,
33,055d4867.csv,55334 55436 ,,52327 52364 
34,056be02e.csv,,,
35,05913aee.csv,9187 9240 ,,
36,059f78a7.csv,,,
37,05ab2c5d.csv,,,
38,061c97ae.csv,,,
39,06649ef2.csv,,,
40,066e22f3.csv,,,
41,06996dba.csv,,,
42,06b02698.csv,,,
43,06f92f10.csv,,,
44,0708f100.csv,,25407 25507 ,
45,076f3b43.csv,,,
46,077fa04d.csv,,,
47,07839b71.csv,9490 9532 9695 9732 ,,
48,0794a222.csv,,,
49,07a864bc.csv,,,
50,07b91c45.csv,,,
51,07c687f5.csv,,,
52,07c80ac6.csv,,,17362 17384 17409 17432 
53,080bf13b.csv,,,
54,081f598d.csv,,,
55,08790086.csv,,,9200 9229 
56,08b153cf.csv,58874 58941 ,,43539 43572 
57,08bee6de.csv,,,13583 13610 
58,090e0d82.csv,,,
59,0939c7a7.csv,,42462 42577 ,
60,098987c2.csv,,29632 29681 ,
61,09e495d9.csv,56998 57064 ,,35098 35139 53961 54024 
62,0a087bc9.csv,,,
63,0a3886a3.csv,,,16021 16085 
64,0a5a3a99.csv,,25142 25187 ,
65,0a640b9b.csv,,,
66,0a862275.csv,,17909 17948 ,
67,0ab0c162.csv,,27254 27285 ,
68,0abaab2e.csv,,,
69,0b00f9b9.csv,,,
70,0ba2344f.csv,,30953 31005 ,
71,0ba68bbc.csv,,28203 28248 ,13315 13369 
72,0bc276ce.csv,,,17015 17135 
73,0be0050b.csv,,,
74,0c048a4b.csv,,,
75,0c11abe0.csv,49383 49452 ,,18724 18750 46764 46808 
76,0c64088b.csv,,,
77,0c8850da.csv,,33499 33537 50287 50345 51069 51126 ,
78,0cb8bd42.csv,,,
79,0d08cd50.csv,,,
80,0d50aef8.csv,,,
81,0d718685.csv,,,
82,0d8c06ae.csv,,,
83,0dc2ac6f.csv,,37450 37496 ,
84,0e0088f8.csv,,,
85,0e5fc0b4.csv,,,
86,0e96913d.csv,,,
87,0eed2ca2.csv,12578 12625 ,,
88,0ef4d220.csv,56699 56731 ,,42002 42044 53480 53533 53694 53755 
89,0f2f927e.csv,,,
90,0f677d9a.csv,,,
91,0f6f22fc.csv,,,
92,0f945bc2.csv,,,
93,0fae291f.csv,,,
94,0ffd4bd5.csv,,,
95,101a8179.csv,,56762 56881 ,
96,101fd08b.csv,10380 10456 ,,
97,102f9e37.csv,,,29871 29903 
98,106c03c1.csv,,,
99,10b60e48.csv,,,
100,10c91611.csv,,,23479 23526 
101,10d884f3.csv,,,
102,10e0d60b.csv,,,
103,10eab655.csv,,,
104,11366505.csv,,,
105,114f4b4a.csv,,,
106,116b7f0a.csv,,,
107,118f2a30.csv,,,
108,11bc2c21.csv,,,
109,11e3a937.csv,,,
110,120aa096.csv,,,
111,120b4fc1.csv,,,
112,120f458d.csv,,,
113,129e3cb3.csv,,,
114,12e928fd.csv,,,
115,12f18411.csv,8741 8773 8937 8966 ,,
116,1319b90c.csv,,,14182 14211 
117,13bc5e83.csv,,,
118,14298722.csv,47051 47127 ,,18733 18757 25896 25947 
119,14a09bd2.csv,,,
120,14b92142.csv,,,
121,14bc2f57.csv,,,
122,14d2f6f9.csv,,,16008 16221 
123,1520c34e.csv,,,
124,152d60d1.csv,11128 11179 11322 11361 ,,
125,154570f2.csv,,,
126,154e5a42.csv,,,
127,15b68154.csv,,,
128,15c8d071.csv,10458 10498 ,,13588 13629 
129,15e953a6.csv,,,
130,1610a89f.csv,11778 11858 ,,
131,161b1313.csv,,,
132,163b3486.csv,,,
133,164f575e.csv,58448 58552 ,,31841 31883 41746 41794 53483 53593 
134,16537e02.csv,,21366 21459 23896 23923 ,29282 29324 29381 29419 
135,16930cf4.csv,,,
136,16d0e478.csv,,,
137,16da7375.csv,11872 11958 ,,
138,1792e405.csv,,,
139,17dc3f0c.csv,,,
140,17fcafa3.csv,,,
141,181ccdcc.csv,,,
142,182d0ce9.csv,,62912 62963 ,
143,183ef145.csv,,,
144,1842b360.csv,,,
145,19150b25.csv,,,
146,193377b2.csv,,,
147,196de8c5.csv,,,
148,197a9684.csv,,,
149,19c2ac09.csv,,43197 43276 43328 43384 ,
150,19fc8083.csv,,18259 18296 ,
151,1a90ed18.csv,,,
152,1a98ea63.csv,,,
153,1abdb10e.csv,,,45368 45397 49884 49917 
154,1ac0455d.csv,6878 6901 ,,19194 19243 
155,1b080ace.csv,6259 6296 ,,
156,1b21f46b.csv,,,11320 11359 
157,1b470a67.csv,,,
158,1b502ee7.csv,,,
159,1b660d5e.csv,,,
160,1b742f2f.csv,,,
161,1b98d03d.csv,,,
162,1bb81929.csv,,,
163,1c14e9ee.csv,,,
164,1c69fa74.csv,,,
165,1cca4c0c.csv,,,
166,1cdd50f0.csv,,,
167,1d338467.csv,,,
168,1d400c9a.csv,,,
169,1d504908.csv,,,
170,1d65b77a.csv,19558 19600 19638 19677 ,,
171,1d795ff3.csv,53749 53789 ,,50890 50966 
172,1d961659.csv,,,
173,1e2655dd.csv,,,
174,1e4ec97c.csv,,,12056 12100 21585 21655 26218 26264 
175,1f104611.csv,,,
176,1f213faf.csv,,48074 48132 48284 48322 ,
177,1f21652a.csv,,,
178,1fdc69b0.csv,,,
179,1fe81658.csv,,,
180,2005fffb.csv,,,
181,20232b6d.csv,,,12938 12978 
182,207fe8d6.csv,13874 13984 ,,
183,20d5bdcc.csv,,,
184,20e78cc9.csv,,,
185,20f6b19d.csv,,,
186,21280271.csv,,20399 20431 ,
187,2175eb04.csv,,,
188,21c59005.csv,,,
189,21f2488d.csv,,,
190,21f4b28c.csv,,66369 66411 ,
191,2236bbac.csv,,,
192,22980b5f.csv,,,
193,22bc79f7.csv,,,
194,22caae9e.csv,,,
195,22d2731b.csv,,,
196,22e85b28.csv,,,
197,22f26bcb.csv,,,
198,2349d175.csv,,,
199,2349f1d0.csv,,,
200,235cb2a7.csv,,,29347 29383 
201,2382c2b1.csv,,12006 12051 54965 55017 ,
202,23b478ea.csv,,,
203,23cc5394.csv,,37600 37690 ,
204,23d2cbcf.csv,,,13124 13159 
205,240becd0.csv,6603 6705 6848 6886 ,,
206,24177f65.csv,,,
207,24273bf4.csv,6046 6093 49871 49937 ,,46675 46740 
208,2476e20a.csv,,,
209,24ba19c8.csv,,,
210,250bba67.csv,,,
211,25205ea0.csv,,,
212,2538c240.csv,11819 11857 ,,
213,258f3220.csv,,,
214,25eb46b7.csv,,,
215,262db79a.csv,,,
216,26fb9051.csv,,,
217,270b00f5.csv,,49843 49882 ,
218,274fa8ce.csv,,19409 19445 ,
219,276732a4.csv,,,
220,27899430.csv,8636 8733 8943 8995 9326 9375 9432 9478 ,,
221,27c81242.csv,,,
222,280c7879.csv,,,
223,280fd8d5.csv,,,
224,28129403.csv,,,
225,285fa980.csv,,,
226,287b3d10.csv,,,
227,292cd794.csv,,,
228,29305c4d.csv,55779 55819 ,,32976 33007 
229,293a95d0.csv,,,
230,294f1d8a.csv,,,
231,29ba1783.csv,,28476 28509 ,
232,29bb6003.csv,,,
233,29e0298a.csv,,,
234,2a1cb8f7.csv,,,
235,2a3d9917.csv,,,
236,2a5d4817.csv,,,
237,2a817251.csv,,,
238,2a90e4a7.csv,,,
239,2ab6da44.csv,,,
240,2ae4b03e.csv,7926 7985 ,,
241,2af8f9eb.csv,,,
242,2b02bdea.csv,,,
243,2b0ba861.csv,,,
244,2b8630cd.csv,45518 45553 ,,8832 8871 16906 16934 33177 33202 
245,2b8c59ac.csv,,,
246,2bff62db.csv,,,
247,2c347684.csv,,,
248,2c3c5f4a.csv,,,
249,2c44305d.csv,,,
250,2c4ff04c.csv,44408 44470 ,,17386 17410 
251,2c56786c.csv,,,
252,2c8b2071.csv,,,
253,2d295174.csv,,24816 24866 ,18491 18537 
254,2d786a0a.csv,11116 11225 ,,
255,2d85c1d7.csv,,46179 46243 ,
256,2d924f2d.csv,,,
257,2de49b14.csv,,,
258,2e1c5e60.csv,,,
259,2e42d880.csv,,,
260,2e4c90e5.csv,,,
261,2e567ba9.csv,,,
262,2e5cf1b0.csv,,,
263,2e74c77a.csv,6862 6896 7131 7165 7307 7343 ,,
264,2e76a81e.csv,,,
265,2e7b60e9.csv,,,
266,2ea9d581.csv,,,
267,2ef90472.csv,,,
268,2f698e70.csv,,,
269,2fbc2b8e.csv,,,
270,3041cc8b.csv,,,
271,3063f207.csv,,,8966 9022 18580 18638 
272,307c167a.csv,,,
273,309b4122.csv,,,
274,30b06a10.csv,,,
275,30e821ce.csv,,,
276,3101b13f.csv,,,12099 12127 
277,311e93ad.csv,,,8459 8489 12408 12448 21584 21621 39137 39180 
278,31259cf0.csv,10056 10175 55791 55843 ,27438 27497 37387 37542 ,
279,31ca8eed.csv,,,
280,31fbd9bc.csv,,,
281,321e256f.csv,,37934 38014 ,
282,322d2464.csv,,,
283,32a6f26a.csv,,,
284,32ec57d8.csv,,45886 45922 ,
285,33065738.csv,,,
286,3308b421.csv,,,
287,333d9a75.csv,,,
288,335f782e.csv,,,9548 9588 14105 14148 
289,33944fc6.csv,,,
290,33a681c0.csv,,,
291,33a8378a.csv,8563 8593 ,,
292,34265e4b.csv,,,
293,343b69d6.csv,,,
294,3469ad55.csv,,,
295,3476dd5f.csv,,,
296,347b8ba9.csv,,,
297,348490d8.csv,,,
298,3485268f.csv,,,
299,3487b35d.csv,6399 6473 7170 7202 ,,
300,349b43e5.csv,11308 11346 58884 58950 ,,44783 44815 
301,35049810.csv,,,
302,350fa6d9.csv,,,
303,3516ce4d.csv,,,
304,357ae200.csv,,,
305,3589e03d.csv,,,
306,35b48c0b.csv,,,
307,35c4a9ee.csv,10003 10046 58996 59052 ,,
308,35c618b4.csv,,,
309,36306ccf.csv,,,
310,364fe131.csv,,,9659 9701 
311,3681ee3a.csv,,,43091 43132 
312,36d4f51b.csv,,,
313,3731ac22.csv,,,
314,373461d2.csv,,,
315,37a93648.csv,,,
316,37c1cb8d.csv,,,
317,37cd5286.csv,,,
318,37eb7923.csv,,,8348 8376 11792 11823 38117 38170 
319,381d269b.csv,,,
320,381f4b6f.csv,,,
321,38415f47.csv,10555 10617 ,18868 18933 21037 21133 21248 21353 33029 33105 33621 33668 ,
322,38506f23.csv,,,
323,38b347a4.csv,,,
324,38cc6f28.csv,,,
325,38d563ae.csv,,,
326,3975fcb5.csv,,,
327,3982e0aa.csv,,,
328,39adce35.csv,,,
329,39b21b37.csv,,,
330,3a117f42.csv,,,
331,3a5230d3.csv,,,
332,3ab216d5.csv,,,
333,3abf5a36.csv,,,
334,3ae037f3.csv,,,
335,3aeb611a.csv,,,13521 13549 
336,3aefe627.csv,,,
337,3b031229.csv,,,
338,3b10a51d.csv,54587 54632 ,,31230 31282 41237 41268 53263 53294 
339,3b1674a3.csv,,,
340,3b259fc9.csv,,,
341,3b3c2875.csv,7755 7794 ,,10487 10512 
342,3b3e874b.csv,,,
343,3b4ae94e.csv,,,22759 22835 
344,3b87327f.csv,,24634 24753 ,23303 23338 
345,3b9600bd.csv,,,
346,3bf9a193.csv,,,10654 10680 14137 14172 18861 18902 22643 22700 
347,3c0ce6f9.csv,,,
348,3c122c4c.csv,,,
349,3c1910e6.csv,,,
350,3c570db1.csv,47400 47458 ,,17370 17393 
351,3ccbad8b.csv,,,
352,3ce12424.csv,,,
353,3d2861c3.csv,,,
354,3d3e6f7d.csv,,,
355,3d6ce228.csv,,,
356,3d83ef0d.csv,,,
357,3dae5670.csv,9249 9301 57667 57744 ,,54886 54944 
358,3dd43d0a.csv,,,
359,3de78397.csv,,,
360,3dfa92db.csv,,,
361,3e3376a2.csv,,,
362,3e3c6a76.csv,,,
363,3eb1222b.csv,,,
364,3ecea153.csv,,,
365,3f38d671.csv,,,
366,3fd34b1f.csv,,,
367,3ffcef5a.csv,,24590 24620 ,
368,4015fc49.csv,,,
369,40430f62.csv,,,
370,40743b0a.csv,,,
371,40d6d2fe.csv,,,
372,41014b25.csv,54168 54231 ,,51655 51710 
373,41768b8f.csv,55255 55349 ,,40562 40600 52399 52437 
374,41aa3aeb.csv,,,
375,41b93ab6.csv,,,
376,424a4be7.csv,,,
377,425c0208.csv,,,
378,4285aef2.csv,,33659 33725 ,
379,42920637.csv,15904 16027 ,,
380,439aca48.csv,,,
381,439c5a64.csv,,,
382,43a020b3.csv,,,
383,43a35ad8.csv,,,
384,43ab29ad.csv,49442 49679 ,,19064 19144 19227 19287 
385,43ab9eec.csv,,,
386,43df0dc6.csv,,,
387,43e3bbd3.csv,,,
388,43fbe035.csv,,,
389,440706cf.csv,,,
390,441cca55.csv,,,
391,443ff61c.csv,,,
392,446160ed.csv,,,
393,4493f94c.csv,,,
394,44aab4bf.csv,,,
395,44d1b145.csv,,,
396,4515af9b.csv,54905 54974 ,,15358 15396 
397,4560b4b5.csv,6066 6107 50925 51013 ,,38531 38564 48284 48322 
398,457b898a.csv,,,
399,4588eca5.csv,,,
400,45aafe4b.csv,,,9215 9258 13521 13608 
401,4618abf6.csv,46917 46949 ,,17667 17694 
402,4641b0c6.csv,,,
403,4645991f.csv,,,
404,467b51d3.csv,55408 55508 ,,51533 51600 
405,467c00a5.csv,,,
406,47128dae.csv,,,
407,471d19d2.csv,,,
408,47bedc02.csv,,,
409,4862ec5f.csv,,,
410,48634814.csv,,,
411,48ae6dab.csv,,,
412,493e5468.csv,,,
413,4942d473.csv,9705 9775 ,,
414,498d26d5.csv,,,
415,49943c5b.csv,9770 9813 ,,
416,49a1039e.csv,7104 7145 ,,
417,49ac70f2.csv,,,
418,49bc7d4f.csv,,,
419,49c10b24.csv,,,
420,4a8ab6ef.csv,,,
421,4adc2644.csv,,,
422,4ae297a3.csv,,15384 15444 ,
423,4b0faead.csv,,,
424,4b372520.csv,,,
425,4b6dda17.csv,,,
426,4b865c28.csv,,,
427,4b9d1d8d.csv,51676 51754 ,,
428,4c31a43a.csv,7933 7977 ,27842 27885 ,
429,4c341a61.csv,,,
430,4c444a3d.csv,,,
431,4c47cd1f.csv,,,
432,4c5f4372.csv,,,
433,4c8c2a6a.csv,,,24255 24289 
434,4ca33c4c.csv,60201 60281 ,,32302 32341 43778 43811 
435,4cb7a0dc.csv,7147 7194 54034 54093 ,,50771 50818 
436,4d450201.csv,,,16681 16748 
437,4d74f6c8.csv,,25696 25759 ,
438,4d7a0c77.csv,,,
439,4d955741.csv,5938 5971 ,,18622 18644 
440,4daa2a0d.csv,,,
441,4dd565b5.csv,,,
442,4e0cd3cb.csv,,,
443,4ea5ee40.csv,,,
444,4eb68dc1.csv,,,
445,4ec16b7e.csv,,,
446,4ee08830.csv,,,
447,4efd4f2b.csv,,36104 36187 ,
448,4fab9430.csv,5517 5549 ,,42678 42716 
449,4fd88ec0.csv,,,
450,5029dfe9.csv,,,
451,503b61a7.csv,7573 7621 61025 61131 ,,57362 57404 
452,504bb9e3.csv,,,
453,50544c9b.csv,,,
454,50c2d8ad.csv,,,38230 38258 42476 42505 42571 42598 46474 46516 46619 46658 46789 46842 
455,50f61e99.csv,,,
456,50f71f3e.csv,,,
457,51548f9f.csv,56141 56225 ,,
458,51a11d16.csv,,,
459,520dedb5.csv,,,
460,5215b581.csv,,,
461,521deb00.csv,,,
462,52818897.csv,46937 47000 ,,17957 18000 18052 18097 
463,52c60262.csv,7635 7693 8561 8609 ,,
464,5306c419.csv,,,
465,539c16f4.csv,,,
466,53bf8ecb.csv,,6914 6949 ,
467,5447da22.csv,,,
468,5456010f.csv,,,43973 44004 48268 48294 
469,547fb9e2.csv,7993 8026 ,,
470,54b4a4d8.csv,,,
471,54d80411.csv,8698 8763 ,,
472,550326b5.csv,,,
473,55648e48.csv,,,
474,5597c641.csv,,,
475,55b7f33d.csv,,,
476,55c40d5f.csv,,,
477,55e0cbc9.csv,,,
478,55e5b512.csv,,,
479,55f2d38a.csv,,,
480,569d8ad5.csv,,,
481,56a5fe69.csv,51706 51746 ,,50243 50354 
482,56aa466a.csv,,,
483,5710e78c.csv,,,
484,571f1735.csv,9213 9254 9542 9600 ,,
485,572977c2.csv,,,
486,57311411.csv,,,
487,579deb78.csv,,,
488,57b73250.csv,,,
489,57d8975a.csv,,,
490,57f7e83a.csv,,,
491,5801c649.csv,,,
492,581688ce.csv,,,
493,583c46fb.csv,,,
494,587e2383.csv,9145 9179 ,,
495,58a81d19.csv,,,
496,59015dfd.csv,,,
497,590fdce9.csv,6817 6887 ,,
498,594b7bd0.csv,,,
499,597494e6.csv,,22067 22287 ,
500,59b524dd.csv,9487 9561 ,,
501,59fd1d85.csv,,,
502,5a1baa57.csv,,,
503,5a535fb9.csv,,,
504,5a977f6c.csv,,,
505,5ab76012.csv,,27597 27670 ,
506,5ad2ac45.csv,,,
507,5adb67cd.csv,,,
508,5aed9ed2.csv,,,
509,5aeff539.csv,,,
510,5afa4968.csv,,,
511,5b212019.csv,4806 4847 46264 46305 ,,34408 34452 
512,5b2bdf10.csv,,,
513,5b2dd2bc.csv,,,
514,5b68c2e9.csv,,,17097 17351 
515,5ba9d958.csv,9707 9834 ,,
516,5bdf0932.csv,,49151 49213 ,
517,5bec7442.csv,,,
518,5c5f9bea.csv,,,
519,5c93cfbf.csv,,,
520,5d5c1f8c.csv,,,
521,5e18f384.csv,,,
522,5e1e1828.csv,51513 51666 ,,23202 23229 
523,5ecdc54c.csv,,19210 19275 20480 20599 20783 20839 21203 21382 21684 21793 24048 24192 ,
524,5ee552d5.csv,,,
525,5ef6b157.csv,,,29938 30014 
526,5f0c6f01.csv,,,
527,5f0fd643.csv,,,15463 15553 
528,5f880541.csv,,,
529,5f892ea7.csv,,,
530,5f947f42.csv,,,
531,5ff8d930.csv,,,
532,6037ce29.csv,,,
533,605e132a.csv,55687 55754 ,,33448 33482 42776 42805 53984 54018 
534,60911522.csv,,,
535,60b76610.csv,7119 7159 7195 7254 ,,
536,61208708.csv,,,
537,6170a676.csv,,,
538,618f993e.csv,,,
539,6202983a.csv,,,
540,6217676e.csv,,18324 18364 ,
541,6220bff3.csv,,,
542,62516fb7.csv,,50431 50481 51901 51953 ,
543,62838034.csv,,,
544,63017b5d.csv,10146 10320 ,,
545,6318e3c9.csv,,,
546,633d1f9c.csv,,,
547,63650027.csv,,,
548,6365efec.csv,,29825 29865 ,
549,6369b755.csv,,,
550,637009ef.csv,,,
551,63991436.csv,11632 11678 ,,
552,63aa1043.csv,,,
553,63b5cf37.csv,,,
554,63bff985.csv,,,
555,63c89533.csv,8678 8721 8779 8812 8840 8871 ,,
556,63dc0586.csv,,,
557,6425d8ac.csv,,,
558,644ea272.csv,,,
559,64787a4d.csv,,30921 31002 ,
560,647a7dc9.csv,,,
561,64ae0ba5.csv,,,
562,651fdd83.csv,,,
563,65329bdc.csv,,,
564,654b35cc.csv,,,
565,65ff57a2.csv,,,
566,6602dbd2.csv,,,
567,6632ef1e.csv,,,
568,66733c40.csv,,,
569,670ff997.csv,,,
570,671ff0ff.csv,,,
571,67385def.csv,,13018 13054 48757 48828 ,
572,67470ce4.csv,,12375 12424 ,
573,67484180.csv,,,
574,677bd61a.csv,,,
575,67f6d49c.csv,,,
576,68088e31.csv,,,
577,6820d32e.csv,,,
578,682594b9.csv,,,
579,68576beb.csv,,,
580,6890da1f.csv,4964 5011 49625 49702 ,,47262 47298 
581,69055402.csv,,,
582,692c9fe5.csv,,,
583,693e6268.csv,,,
584,694056b7.csv,,,
585,696c60c3.csv,,,
586,699a4bfa.csv,53788 53866 ,,40227 40267 50735 50809 
587,69dceace.csv,45907 45984 46041 46115 46421 46485 46581 46706 46795 46845 46909 46974 47090 47206 47336 47389 47574 47639 47738 47833 47914 47970 48067 48115 48285 48366 ,,
588,6ab77e3e.csv,,,13374 13408 
589,6ad09fbb.csv,,,
590,6b04619e.csv,6288 6329 50781 50839 ,,47772 47822 47959 48012 
591,6b9e2818.csv,,,
592,6bcfc71c.csv,,,
593,6bfec9e2.csv,,,
594,6c38866c.csv,,,
595,6c4382a0.csv,,,
596,6c5c6853.csv,,,
597,6d561096.csv,,,
598,6d72adc9.csv,,10446 10481 ,18152 18207 
599,6d77a16a.csv,,,
600,6e01ef0f.csv,,,
601,6e0fcf21.csv,,,
602,6e1f219c.csv,,15852 15899 18763 18817 ,
603,6e384c89.csv,,,
604,6ea75ec9.csv,,,
605,6eddad74.csv,,,
606,6f1c77e1.csv,,,
607,6f3d8a19.csv,,,
608,6f3e6d91.csv,,,
609,6f47a946.csv,,,
610,6f5dd004.csv,,,
611,6f6ead5a.csv,7157 7195 ,,
612,6f797656.csv,,,
613,6fadbf7c.csv,,,
614,6fb5f542.csv,,,
615,706d322f.csv,,,10779 10809 14968 15036 24430 24464 41977 42025 
616,70784323.csv,,,
617,71210744.csv,,33910 33942 ,
618,7126107d.csv,,,
619,7164870f.csv,9247 9279 9324 9356 ,,
620,717f791d.csv,,,
621,7198f43d.csv,,,
622,71af47ca.csv,,,
623,71f6c4fc.csv,,,
624,720217ee.csv,,,
625,722d70f5.csv,,,
626,723feefa.csv,,,
627,724e4af6.csv,,,
628,728a8716.csv,,12751 12815 ,
629,7296b531.csv,6981 7023 51462 51541 ,,
630,72f437b4.csv,,,
631,73336217.csv,,,
632,73484cca.csv,,,
633,73620e22.csv,9496 9525 ,,
634,73cc6300.csv,,,
635,73e85d4b.csv,,,
636,73ee45e8.csv,,30480 30583 40328 40380 ,
637,73f636cc.csv,,,
638,740e281a.csv,10906 10948 58110 58219 ,,42659 42701 54081 54148 
639,7421e8aa.csv,,,
640,742aad92.csv,,,
641,743d27b1.csv,,47888 47961 48421 48483 ,
642,745b18cc.csv,56925 57007 ,,
643,7489701c.csv,,,
644,749cad9d.csv,,,
645,75006d7d.csv,,,
646,7531412f.csv,,,
647,754d618b.csv,,,
648,75d1a5fa.csv,,,
649,75e152bd.csv,,,
650,75e27f69.csv,,,
651,7648a7de.csv,,,
652,765478b0.csv,,,
653,76cc2089.csv,,,
654,76e4c063.csv,,,50311 50412 57219 57336 
655,7733877a.csv,,,
656,774262dc.csv,,27733 27781 ,
657,77526f65.csv,,,
658,7763f3da.csv,,,
659,777d16d4.csv,,,
660,7787fada.csv,,,8674 8703 
661,77955956.csv,,,
662,781bc288.csv,7902 7997 ,,
663,781fa927.csv,,,
664,78255baf.csv,,,
665,7835db31.csv,,,
666,78748eb5.csv,,,
667,78bea5a6.csv,,,11668 11701 
668,78d34596.csv,,,
669,7947c420.csv,,,17050 17126 
670,795ba0a3.csv,,,
671,79b8fe39.csv,,,
672,79e23ef4.csv,,,
673,79e9c69e.csv,,,
674,7a754685.csv,,,45091 45124 50419 50447 
675,7aa9d053.csv,,,23252 23292 
676,7acd3122.csv,,,
677,7ad57f35.csv,,,
678,7aea117f.csv,,,
679,7af12826.csv,,,
680,7b124ec0.csv,,,
681,7b75aa02.csv,,,
682,7b831b3c.csv,,,
683,7b9079cd.csv,,,
684,7bc26e22.csv,,,
685,7bce380c.csv,7249 7301 ,,
686,7be4d853.csv,,,
687,7c188836.csv,,,
688,7c5e3a65.csv,,,
689,7c5efcd8.csv,,,
690,7c64d0cf.csv,,,
691,7ccf4d91.csv,,47636 47728 ,
692,7d358791.csv,,,
693,7d60f670.csv,43331 43381 ,,18930 18957 
694,7dda2223.csv,,,36943 36986 
695,7e435295.csv,,,
696,7ec7e946.csv,,,
697,7ed3abe9.csv,,,
698,7f0261ce.csv,,,
699,7f151193.csv,,,
700,7f4d33a3.csv,49535 49616 ,,20293 20316 36421 36451 
701,7f84f1ae.csv,,,12346 12380 21086 21123 50853 50889 53858 53931 
702,7fa02670.csv,,,
703,7fddea0c.csv,,11400 11489 12296 12353 12754 12791 39577 39639 ,
704,7fe8aa8a.csv,,,
705,7fe9a8b4.csv,,,
706,80284be5.csv,,,
707,8043c2ee.csv,,,
708,80565e4d.csv,,,
709,805eadc7.csv,,,
710,80600aa2.csv,55405 55504 ,,52222 52274 
711,8086c8b1.csv,,,
712,80ba6d81.csv,7068 7114 ,,
713,80c5d4f1.csv,10960 11000 ,,
714,80c91094.csv,,59334 59430 59820 59913 ,
715,80e31a85.csv,,,
716,80faf962.csv,,,
717,812a1130.csv,7917 7961 ,,
718,8156952b.csv,,,17495 17568 
719,82816fbf.csv,,,
720,82c7dc54.csv,,,
721,82d4074f.csv,,,
722,82ebc91d.csv,,,
723,82f0cd9e.csv,,,
724,833c4a7e.csv,,,
725,8380110f.csv,,,
726,83b8380d.csv,,,
727,843de6fe.csv,,,10785 10834 
728,8441d05a.csv,,,
729,8466ea7a.csv,,,
730,846da42e.csv,5943 5976 ,,
731,84c60fd5.csv,,,
732,84ebf8d1.csv,,,
733,85051788.csv,,,
734,856b3c94.csv,,39713 39781 ,
735,861571f3.csv,,,
736,8617778b.csv,,,
737,862fe7f2.csv,,,
738,865cd1e9.csv,,,
739,86a2f662.csv,,,41351 41414 45544 45671 
740,86a3bee2.csv,,,
741,86c1c5bd.csv,,,
742,86c6b733.csv,,,
743,86e89ecc.csv,,,
744,8720f5a6.csv,,,
745,87497582.csv,,,
746,87c2d46a.csv,,,
747,87e94490.csv,56844 56945 ,,40710 40752 52433 52497 
748,881de641.csv,,,
749,8841b0f0.csv,,,
750,885af1a8.csv,,,
751,88b6693d.csv,5258 5288 ,,16438 16461 
752,88cebabd.csv,,,
753,88d688ec.csv,9975 10058 ,,
754,88dc8cbe.csv,,,
755,88f6229c.csv,,,
756,895ddfb0.csv,,,
757,89d4e08b.csv,,,
758,89d90447.csv,,,
759,8a05fbc8.csv,,,
760,8a2c896c.csv,,,
761,8a7ba0d5.csv,,,
762,8aa042fd.csv,,,
763,8ab18fd7.csv,,,
764,8ab3cba5.csv,,,
765,8ab7f937.csv,,,
766,8aba1a15.csv,,,
767,8abe91d1.csv,,13234 13291 ,
768,8b3b52da.csv,,,
769,8b3d80fc.csv,,,
770,8b62a06d.csv,6759 6789 ,,
771,8b84832b.csv,,,
772,8bad9f2c.csv,,,
773,8bb11708.csv,,,
774,8bb8b7db.csv,,,
775,8be9e8ea.csv,,,
776,8bf39e67.csv,,,
777,8c53c498.csv,,26191 26381 ,
778,8c67f7d8.csv,,,
779,8cdc80fc.csv,,,
780,8d378709.csv,,,
781,8d524cfe.csv,,,
782,8d60705f.csv,,,
783,8d67ea5b.csv,,,
784,8e141186.csv,,,
785,8e212c82.csv,,34918 35027 ,
786,8e31d107.csv,,,
787,8e3795e8.csv,,,
788,8eafe17b.csv,,,
789,8eb88458.csv,,,
790,8ebf2142.csv,,,
791,8f7fa2c5.csv,,,
792,8f95c104.csv,,8536 8570 ,
793,8fb98310.csv,,,17594 17619 33995 34027 
794,90149a09.csv,,,
795,903704b1.csv,,,
796,903a3b59.csv,,,
797,903ef846.csv,,,
798,90478a79.csv,,,
799,906fbafd.csv,,,
800,90735fca.csv,,,
801,90cc2b24.csv,,,
802,90d425a5.csv,,,
803,91373f68.csv,,,
804,913e1527.csv,,,
805,914c79ff.csv,7465 7528 ,,
806,91742ad6.csv,9476 9546 ,,
807,91b66b81.csv,,,
808,91c185a8.csv,,,
809,91c4a028.csv,7295 7335 54217 54288 ,,51116 51175 
810,91df6822.csv,,42305 42393 ,
811,91f0910d.csv,,,
812,91fe7ff9.csv,,,15113 15149 
813,922d7848.csv,,23312 23382 ,
814,9259c2be.csv,54965 55093 ,,39062 39115 51152 51227 
815,927cf692.csv,,,
816,92a5503f.csv,,,
817,92cd7204.csv,,,18156 18198 
818,9306e5e3.csv,,,
819,9331e303.csv,,,
820,93398a0b.csv,,66830 66889 ,
821,934255f6.csv,,,
822,9377095e.csv,,,
823,93819b1b.csv,,,
824,93971829.csv,,,
825,93c9334b.csv,,46630 46684 48532 48701 ,29714 29757 
826,93c9fbdf.csv,8201 8248 8315 8348 ,,
827,93fda6d3.csv,,,16756 16803 
828,9420a628.csv,,,
829,944fc9bc.csv,,,
830,945914a5.csv,,,
831,94a9bfbd.csv,,,
832,94f11d85.csv,,33364 33441 33765 33796 ,
833,94fc1be3.csv,49353 49407 ,,20111 20135 
834,959cf22f.csv,,,
835,95b58ded.csv,,11462 11536 12182 12251 12967 13029 17431 17463 26283 26314 49222 49276 50558 50590 ,
836,95beeaba.csv,,37044 37101 ,
837,961ef395.csv,,,
838,96444c98.csv,,,
839,96596f19.csv,,,
840,965f3567.csv,,,
841,9675e1cc.csv,56734 56821 ,,31417 31451 40556 40598 51387 51443 51564 51617 
842,96850c97.csv,,,
843,968cbf28.csv,,,
844,96b4ff36.csv,,28698 28740 ,
845,96c7460f.csv,,16625 16676 16777 16812 ,
846,97255d7d.csv,,,12218 12248 26445 26480 
847,97288829.csv,,,10676 10716 
848,97671ab6.csv,,28240 28283 ,10542 10604 14615 14662 23837 23872 28406 28451 
849,977ae280.csv,,,
850,978a35ac.csv,48060 48172 ,,17778 17808 25758 25828 
851,97aaa603.csv,,,13368 13422 
852,97d888cd.csv,11791 11836 ,,
853,98770e1a.csv,,,
854,987eaaae.csv,,,
855,9890901c.csv,58468 58545 ,,44662 44690 55839 55870 
856,98a0201e.csv,,,
857,9974ff37.csv,,,
858,997a9e7c.csv,,,
859,9997fdbc.csv,,,
860,99af1092.csv,,55571 55660 ,
861,99c88a3a.csv,,,
862,99d8f3d1.csv,,,
863,9a1d083b.csv,,,49291 49320 49353 49428 54661 54702 
864,9a5df7f3.csv,,,
865,9a6e0dcb.csv,,,
866,9ad50f3d.csv,,41681 41870 ,
867,9afc14b7.csv,,,
868,9b065133.csv,,,
869,9b29654f.csv,,,17068 17092 17119 17142 
870,9b7d4145.csv,,,
871,9ba3b9f7.csv,,24841 25036 ,
872,9bae852c.csv,,,11491 11527 
873,9baeb735.csv,,,
874,9be0c479.csv,,,
875,9c0c25a0.csv,,,16337 16433 34199 34237 
876,9c0e19ee.csv,,,
877,9c5ccc22.csv,,,
878,9c64ca40.csv,,,
879,9cd364a8.csv,7945 7987 ,,
880,9d205d40.csv,,,
881,9d25a56b.csv,,,
882,9d5ab402.csv,,11111 11152 11726 11772 47866 47897 ,
883,9d6d8a97.csv,,,11029 11062 15104 15168 23979 24021 
884,9dc445aa.csv,11536 11586 ,,
885,9e25d6be.csv,50238 50316 ,,47395 47448 
886,9e3a2bf0.csv,,,
887,9e455892.csv,,,
888,9e67c304.csv,,,
889,9ecc3566.csv,,,
890,9f182e23.csv,,,
891,9f3e02ac.csv,10335 10373 ,,
892,9f4eb16d.csv,,59157 59218 ,
893,9f71fa48.csv,6936 6984 7406 7464 7532 7597 7674 7761 ,,
894,9fea4a8a.csv,,,
895,a0e742d9.csv,,,
896,a145818a.csv,,,18679 18714 28295 28334 
897,a1a8c445.csv,53023 53072 ,,50685 50763 
898,a1ba4221.csv,,,
899,a1f25a01.csv,,,
900,a1fd5db2.csv,,,
901,a203170d.csv,61193 61301 ,,57483 57540 
902,a20ccac9.csv,,,
903,a22e8a07.csv,,,
904,a25fe27d.csv,,,
905,a2882463.csv,,,
906,a2ce202f.csv,,,
907,a31bd48f.csv,9708 9739 9769 9810 ,,
908,a3275a65.csv,,,
909,a328fab1.csv,,,35456 35498 
910,a33904c7.csv,,,
911,a3930c12.csv,,,
912,a3ec043f.csv,,,
913,a3fcd553.csv,,12409 12453 ,
914,a41dac05.csv,,,
915,a4261b93.csv,,,
916,a465cf6f.csv,,,
917,a4959774.csv,,,
918,a4a747d5.csv,,29584 29616 ,
919,a4c65d18.csv,,,
920,a4dda2c3.csv,,,
921,a50998b0.csv,,62344 62424 62788 62836 ,
922,a50adf2d.csv,,,
923,a53dd101.csv,,,
924,a5836b23.csv,,,
925,a5ca9150.csv,,,
926,a6f3d345.csv,,20971 21039 21128 21222 ,19231 19291 
927,a71503ce.csv,,,
928,a75e617c.csv,,,
929,a76f8d61.csv,,,
930,a7b66757.csv,,,
931,a7ffd18d.csv,,,8632 8673 12684 12750 23943 23999 42367 42424 
932,a80548e6.csv,,,
933,a80a07dd.csv,,,
934,a80ad8c2.csv,9097 9134 57978 58064 ,,13474 13517 23121 23156 42462 42496 55229 55284 
935,a81c1b55.csv,,27846 27946 ,
936,a8328b1d.csv,,,
937,a83dbd1e.csv,7546 7584 ,,36177 36238 
938,a85529af.csv,,,
939,a8a04ac2.csv,,,
940,a8c10e09.csv,,,20207 20245 23652 23711 
941,a8f00a16.csv,,,
942,a96346c8.csv,,,16621 16645 25104 25179 
943,a9a31374.csv,,,
944,a9f1d7b6.csv,7200 7241 53122 53191 ,,38454 38484 38542 38575 50051 50123 
945,aa3d8070.csv,,32932 33059 ,
946,aa9ffeaa.csv,,,
947,aaad4282.csv,,,
948,ab021887.csv,,,
949,ab0516da.csv,,,
950,ab35376b.csv,,,8936 8962 
951,aba9d362.csv,,,
952,abac4579.csv,,,
953,abe52201.csv,7839 7886 54980 55030 ,,
954,ac6e7084.csv,9661 9759 ,,
955,ac82701d.csv,,,
956,acae10c1.csv,6381 6450 6536 6559 6583 6600 6618 6650 ,,
957,acb5dbd1.csv,5438 5473 ,,
958,acf7ed46.csv,12050 12085 ,,
959,ad025410.csv,,,
960,ad0415b8.csv,,,17984 18071 37001 37040 
961,ad6a77e8.csv,,,
962,ade46be6.csv,,,
963,adec7e6b.csv,6163 6199 6329 6360 ,,
964,adf233bb.csv,,,
965,ae057eb7.csv,,,
966,ae4f598d.csv,,,13175 13219 
967,ae7a06be.csv,,,
968,ae7b3b91.csv,,,
969,ae895067.csv,,,
970,ae8e3d6a.csv,,,
971,ae93f672.csv,,10720 10770 44957 45033 ,
972,aea674a1.csv,,26376 26407 36776 36811 ,
973,aed2a182.csv,,,
974,af286b82.csv,,,
975,af44266a.csv,,,
976,af602b63.csv,58208 58358 ,,42920 42956 54726 54762 
977,af675821.csv,,,
978,af902c06.csv,,,
979,b005413d.csv,,,
980,b0ae3c7a.csv,,,
981,b0d58b29.csv,,,
982,b10785b6.csv,,,
983,b1097c91.csv,,,
984,b115db23.csv,7052 7094 54610 54683 ,,51578 51641 
985,b1323651.csv,,,
986,b177f59d.csv,,,
987,b1921768.csv,44669 44709 ,,18073 18097 
988,b1a99516.csv,,,
989,b20c5711.csv,48364 48431 ,,
990,b22fc6a6.csv,,,
991,b24cfae7.csv,63925 63975 ,,49561 49599 60950 61017 61203 61265 
992,b264cdbe.csv,,,9706 9753 13593 13635 18092 18133 41594 41641 
993,b2b15f4e.csv,,49212 49300 ,
994,b3628446.csv,,,
995,b3b6a07e.csv,9659 9697 9866 9920 ,,
996,b3c85229.csv,,,
997,b3ec0a9d.csv,,,
998,b3f01ca2.csv,,,
999,b4603d30.csv,54786 54821 ,,20649 20681 30323 30356 41281 41323 52351 52402 52551 52607 
1000,b48b2340.csv,,55672 55748 ,
1001,b4926657.csv,,61368 61410 ,
1002,b4a0a103.csv,,,
1003,b4c7d030.csv,,,
1004,b5022b43.csv,,,
1005,b50ca793.csv,,,
1006,b52a4582.csv,,,23988 24204 
1007,b54fdf3c.csv,,,
1008,b5741918.csv,,,
1009,b61ff8ae.csv,50065 50103 ,,22224 22249 
1010,b634efdc.csv,,,
1011,b63529dc.csv,43375 43497 43703 43803 44853 45018 45365 45485 45955 46045 ,,
1012,b6a81a9d.csv,,,
1013,b7234f7b.csv,,,
1014,b725287b.csv,,,
1015,b7625205.csv,,,
1016,b778a8cd.csv,51788 51958 ,,
1017,b7999616.csv,52259 52323 ,,39199 39229 50231 50275 
1018,b7b82b59.csv,,,37432 37489 41271 41334 45362 45418 
1019,b80079a1.csv,,,
1020,b83902f1.csv,,,
1021,b8c35451.csv,,,
1022,b92b706a.csv,,,
1023,b9493d80.csv,,,
1024,b94a3539.csv,,,
1025,b955b8c2.csv,,,
1026,b9790697.csv,47543 47958 ,,20771 20815 
1027,b9851d35.csv,,,
1028,b99af96e.csv,,,
1029,b9aea27b.csv,,,
1030,b9de928b.csv,,,
1031,ba010eb4.csv,,,
1032,ba410778.csv,,,
1033,ba6a5953.csv,,,
1034,ba754a1b.csv,,,
1035,ba7fa152.csv,,,
1036,ba892548.csv,,,
1037,ba95c92e.csv,,,
1038,bab223bd.csv,,9763 9836 ,
1039,bb12eade.csv,5979 6019 50996 51095 ,,
1040,bb1bbcd0.csv,,36175 36294 37058 37190 ,
1041,bb3e1e11.csv,,,
1042,bbee9d00.csv,,,
1043,bbf518df.csv,,,
1044,bbf789d9.csv,,,
1045,bc1b04cb.csv,,,
1046,bc29200d.csv,,,
1047,bc372106.csv,8729 8769 ,,
1048,bc3d3526.csv,,,
1049,bc57f078.csv,,,12090 12122 
1050,bc9fd3fd.csv,,,
1051,bcea65d5.csv,6773 6827 6948 7026 ,,
1052,bcf3da28.csv,,,
1053,bd046bd7.csv,,,
1054,bd0bddbf.csv,,,
1055,bd2c448f.csv,,,
1056,bd502666.csv,,,
1057,bd582b96.csv,,,
1058,bda37a42.csv,,16009 16087 ,
1059,bdcde83c.csv,,,
1060,bdf53623.csv,,,12421 12455 
1061,be2e9bc7.csv,,,
1062,be339567.csv,,,
1063,bebca498.csv,,,
1064,bebe2fbe.csv,,,
1065,bf00063c.csv,,39933 40066 ,
1066,bf03ed7f.csv,,,
1067,bf042600.csv,,,21458 21510 31481 31513 
1068,bf2120d3.csv,,,
1069,bf407579.csv,,,
1070,bf4742e1.csv,,,
1071,bf800c9f.csv,,,
1072,bf9a8aaa.csv,,,
1073,bfaff833.csv,,55543 55625 ,
1074,bfdb55c5.csv,,,
1075,bffd0ddb.csv,,,
1076,c032c047.csv,,,
1077,c055e47c.csv,52682 52782 ,,38040 38080 50035 50070 
1078,c0744375.csv,,,
1079,c0bd9512.csv,,,
1080,c0cbc4c5.csv,,,
1081,c0e0a9f3.csv,,,
1082,c0f533db.csv,,,10068 10128 18881 18926 
1083,c174ba36.csv,,,
1084,c1add7d1.csv,,,
1085,c1d64971.csv,,,
1086,c1d7c056.csv,,,
1087,c1e1c749.csv,,,
1088,c1f13d93.csv,,,
1089,c2480969.csv,64273 64368 ,,39699 39733 60538 60585 
1090,c257a641.csv,,,
1091,c27b42a6.csv,,,
1092,c2f48c0a.csv,5617 5657 50944 51008 ,,37207 37240 
1093,c2f5461c.csv,,,
1094,c3038d4c.csv,,,
1095,c309174a.csv,,,
1096,c35b72b0.csv,,,
1097,c3c4b4a8.csv,,,
1098,c44bd7ae.csv,,,
1099,c4671920.csv,,,
1100,c49b6366.csv,,,
1101,c4f13db1.csv,,,
1102,c4fd5b11.csv,,,
1103,c5437168.csv,,,
1104,c54d326d.csv,,,
1105,c55472b2.csv,,,
1106,c58fb0b6.csv,,,
1107,c5a7bff1.csv,,,
1108,c5d3cbf8.csv,,,
1109,c5e5a52a.csv,5968 6008 53228 53318 ,,10396 10456 38495 38529 49747 49811 
1110,c634a613.csv,,,
1111,c6598b96.csv,,,
1112,c65f90bc.csv,,,
1113,c67ba832.csv,,32281 32322 ,
1114,c69346de.csv,,24844 24903 ,15000 15036 
1115,c6956c25.csv,,,
1116,c6b5b479.csv,,,
1117,c7034aaf.csv,,,
1118,c7498517.csv,,,
1119,c7673e9d.csv,47606 47677 ,,19137 19161 
1120,c77052a0.csv,,,38543 38598 
1121,c7d7b99c.csv,,,
1122,c83b5eee.csv,,,
1123,c843f51b.csv,8518 8546 ,,
1124,c859ec9b.csv,,45778 45825 ,
1125,c8739c6a.csv,,,
1126,c8950ce3.csv,,,
1127,c8ce7b36.csv,,,
1128,c8f1e95a.csv,,,10575 10612 14559 14590 24102 24138 41673 41740 
1129,c9645a39.csv,,,
1130,c99d470d.csv,,,37057 37099 
1131,c9a39563.csv,,,
1132,c9b10140.csv,,,
1133,c9b15a78.csv,,,
1134,ca04409a.csv,,,
1135,ca934066.csv,,31089 31249 ,
1136,caa40288.csv,,,
1137,cab53307.csv,5988 6030 49055 49162 ,,36041 36080 46627 46662 
1138,cad747e7.csv,,,
1139,cb289cd2.csv,,,
1140,cb4deef7.csv,,65679 65759 ,
1141,cb88155a.csv,,,
1142,cb8e74d6.csv,,,42975 43017 
1143,cb969b61.csv,,,
1144,cbe4a2e0.csv,,,
1145,cc479e4c.csv,,66817 66880 ,
1146,cc4a0fd3.csv,,,
1147,cc5397f0.csv,,,
1148,cc7ce122.csv,,,17274 17305 
1149,cc943214.csv,,,
1150,ccb027dc.csv,10826 10863 11467 11498 ,,
1151,cd08991b.csv,52791 52841 ,,20923 20961 21021 21062 
1152,cd0ca67f.csv,,,
1153,cd1c99f5.csv,10253 10321 ,,
1154,cd6e2bf0.csv,,,
1155,cd7fe8e0.csv,,,11572 11606 16056 16133 25673 25710 
1156,cdbbb9c3.csv,,,
1157,cdce44a4.csv,,,
1158,cdf43063.csv,,,
1159,ce9d1168.csv,,,
1160,cebb5c29.csv,52340 52460 ,,18546 18577 
1161,cf028114.csv,,,28959 28991 
1162,cf201dd0.csv,,43471 43602 ,
1163,cf43f46a.csv,,,
1164,cf4b2496.csv,,,
1165,cf6203dd.csv,,,
1166,cf7fba9c.csv,,,
1167,cf9587b6.csv,,,
1168,cfc72a1a.csv,,,
1169,cfdc1734.csv,4702 4743 ,24329 24363 ,17024 17109 
1170,d062e506.csv,,,
1171,d0c7ef45.csv,10857 10908 ,,
1172,d0cc4e8f.csv,,,
1173,d11b1b09.csv,,,18954 19013 
1174,d15d2ad4.csv,,,
1175,d161f014.csv,,,
1176,d17785ae.csv,,,21107 21136 25811 25843 
1177,d1be9921.csv,,,
1178,d1d443e5.csv,,,
1179,d1d492ae.csv,,,
1180,d1fba9e9.csv,,,
1181,d2282c79.csv,,20477 20542 ,16974 16820 
1182,d3249a4a.csv,44782 44822 ,8097 8134 ,16569 16599 42460 42503 
1183,d36fd28e.csv,,,
1184,d3a2b1ff.csv,,,
1185,d3c6b75f.csv,,,
1186,d3ed2ce8.csv,,,
1187,d4059865.csv,,,
1188,d40db792.csv,,,
1189,d42873d1.csv,,,
1190,d43ce19f.csv,,,10137 10167 
1191,d4689e31.csv,,30874 30926 ,
1192,d475fd9d.csv,,,
1193,d49977fa.csv,,,
1194,d499d80a.csv,,22300 22364 22518 22581 ,15958 15993 
1195,d4b6ceac.csv,,,
1196,d4c85466.csv,,,
1197,d4f891bf.csv,,,
1198,d548ac71.csv,,,
1199,d5843e62.csv,,,
1200,d5b05f8b.csv,,,
1201,d5c13eab.csv,,29490 29545 30981 31028 ,
1202,d620c227.csv,,,
1203,d67b042a.csv,,,
1204,d683f0f6.csv,,,
1205,d6a0b22f.csv,10037 10107 ,,
1206,d6abdd20.csv,,,12884 12921 21128 21157 
1207,d6adfbe1.csv,,,
1208,d6e89988.csv,8561 8594 9119 9151 ,,
1209,d7453e32.csv,,,
1210,d7465113.csv,,,
1211,d788e955.csv,,,
1212,d7b54cc5.csv,,,
1213,d7c0baee.csv,,,
1214,d7d05c01.csv,7663 7746 ,,
1215,d7d4bd06.csv,,,
1216,d7d8f1c2.csv,,,
1217,d7dcb4aa.csv,,,
1218,d81a8250.csv,,,
1219,d847b558.csv,,,
1220,d8550c10.csv,,,
1221,d88365c3.csv,,,39474 39524 
1222,d8b5611e.csv,,,
1223,d8bba3b9.csv,,,
1224,d8de9ce8.csv,,,
1225,d903b315.csv,,,
1226,d942af57.csv,,,
1227,d94e88a3.csv,,,
1228,d9aacd23.csv,,,24649 24702 
1229,d9d75e41.csv,,,12526 12563 
1230,da26b216.csv,,,
1231,da429884.csv,,,
1232,da44a030.csv,53267 53349 ,,
1233,da4a39bc.csv,,,18299 18433 
1234,da61bf18.csv,,,
1235,da61f070.csv,,,
1236,da81e163.csv,,56301 56353 ,
1237,da9f9e1d.csv,6029 6074 ,,38050 38086 48609 48663 
1238,dae22c36.csv,,,
1239,dafe3d36.csv,,14881 14983 ,
1240,db393624.csv,,,
1241,db547f29.csv,,,33158 33185 
1242,db6bfbb6.csv,,,
1243,dbaa000d.csv,,,
1244,dbb574e5.csv,,,
1245,dbbc3dda.csv,,,
1246,dbdcc574.csv,,,13799 13833 
1247,dc017b51.csv,,,37541 37582 41817 41853 46183 46246 
1248,dc4717c7.csv,,,
1249,dc49139e.csv,,,
1250,dc4fdbea.csv,,,
1251,dc83a6aa.csv,,,
1252,dcb07a12.csv,,,
1253,dd172457.csv,,,
1254,dd23fd6e.csv,,,37878 37919 
1255,dd283404.csv,60259 60310 ,,24236 24267 44153 44203 55972 56072 
1256,dd6ad0dc.csv,,,
1257,ddb07f93.csv,,,
1258,dde3a3ea.csv,,,
1259,ddfdc7eb.csv,,,
1260,de13a5f0.csv,,,
1261,de96bd60.csv,,28709 28761 ,34646 34684 
1262,de999a7b.csv,,,
1263,deced85a.csv,,,
1264,dee71823.csv,,,
1265,df2cdc59.csv,,13105 13147 ,
1266,df4a5a53.csv,,,
1267,df6f4961.csv,6163 6204 51112 51223 ,20549 20617 ,37221 37255 37314 37348 47901 47951 
1268,df8b14cb.csv,,,
1269,df99cc02.csv,,,
1270,dfc10def.csv,,,12779 12816 43889 43931 
1271,dfc3ab30.csv,,,
1272,e003c508.csv,,,
1273,e0139257.csv,12101 12139 ,,
1274,e01edc4c.csv,10515 10587 10728 10802 ,15132 15265 ,
1275,e0520d76.csv,,,
1276,e05d7260.csv,,,
1277,e0edb3c1.csv,57249 57354 ,,21570 21601 40950 40994 51729 51792 
1278,e1171c18.csv,,,
1279,e13b7c09.csv,,,
1280,e166337a.csv,,,
1281,e1d1c99f.csv,,,
1282,e222593e.csv,,,
1283,e22f4d4a.csv,,,
1284,e237c171.csv,56119 56239 ,,
1285,e2b089d1.csv,,,
1286,e3124393.csv,,,
1287,e321646a.csv,,,
1288,e32f2484.csv,,,
1289,e35b8176.csv,,,
1290,e37c9e6e.csv,,,
1291,e3947d95.csv,,,
1292,e3a834e0.csv,,,
1293,e3c1ad25.csv,,,24426 24461 
1294,e3cbac2d.csv,,,
1295,e3fbb946.csv,,,43610 43650 
1296,e408b51e.csv,,70990 71078 ,
1297,e483a30d.csv,,,
1298,e4a8020e.csv,,,
1299,e4ab5d7f.csv,,,35995 36052 41322 41400 
1300,e5067456.csv,,,
1301,e51d9663.csv,,,
1302,e5966bca.csv,,,
1303,e59ed3bd.csv,,,
1304,e5c19e6f.csv,,,
1305,e6520725.csv,,,
1306,e6c8ac3f.csv,,,
1307,e711c08a.csv,,,
1308,e73cb208.csv,,,
1309,e74d56d0.csv,,,13359 13391 
1310,e822005d.csv,,,
1311,e861be2b.csv,,,
1312,e8802e8a.csv,,66368 66511 ,
1313,e8a3b219.csv,,,
1314,e8acb9a9.csv,,,
1315,e8b2a456.csv,,38940 38997 ,
1316,e8ba83db.csv,,,
1317,e8f49914.csv,,,
1318,e906c522.csv,,36301 36401 ,
1319,e99e1d8e.csv,,,
1320,e9b279f1.csv,,,
1321,e9f36ce5.csv,,,9426 9448 12855 12895 22500 22545 
1322,ea383406.csv,,,
1323,ea54e8bc.csv,54976 55069 ,,29142 29174 50749 50827 
1324,ead517c8.csv,,,27119 27153 
1325,eadcaad6.csv,,,
1326,eb015b61.csv,,50454 50489 ,
1327,eb06ce91.csv,,,
1328,eb0bac86.csv,,48006 48079 ,
1329,eb20fab9.csv,54105 54230 ,,27655 27691 37074 37117 
1330,eb323e5f.csv,,,
1331,eb66f48f.csv,54633 54642 ,,30634 30674 40439 40477 
1332,ec22d6d2.csv,,,
1333,ec4306e6.csv,,,
1334,ec6015b4.csv,10135 10186 59144 59209 ,,
1335,ec90a037.csv,,,
1336,ec939a9f.csv,,,
1337,ecbba53b.csv,11109 11141 ,,
1338,ecc99356.csv,,,
1339,ed59e4a9.csv,7875 7926 ,,
1340,ed9cd80d.csv,,,
1341,edd4f8b1.csv,6525 6556 ,,18407 18445 
1342,ee68778b.csv,,,
1343,ee7ddb52.csv,,,
1344,ee9e817c.csv,,,
1345,eea58aa2.csv,10946 11005 11308 11339 ,,
1346,eed495f6.csv,,,16900 16938 16989 17023 
1347,efac6bbe.csv,,,
1348,efad8652.csv,57777 57875 ,,32164 32200 54213 54247 
1349,f0057de9.csv,,,
1350,f05adf80.csv,56109 56163 ,,40022 40061 
1351,f062a439.csv,,,
1352,f0850712.csv,,,
1353,f0860b7d.csv,,,
1354,f088bd4a.csv,,42279 42340 ,
1355,f093fb36.csv,,,
1356,f0b490eb.csv,,8611 8661 ,
1357,f0b9a50d.csv,,,
1358,f0bc1299.csv,,,
1359,f0d03824.csv,,,
1360,f18bba57.csv,,,
1361,f18d1505.csv,,,
1362,f1b8b235.csv,,,
1363,f1ca0dfe.csv,,,
1364,f1d789cf.csv,,,
1365,f1f71ecf.csv,44393 44541 ,22540 22575 ,16239 16265 
1366,f1f95eb5.csv,,21592 21630 ,
1367,f26192df.csv,26847 26942 ,,
1368,f29ec6b5.csv,,,
1369,f29f5878.csv,7223 7274 ,,
1370,f2c94c01.csv,,,
1371,f358a764.csv,,,
1372,f372522f.csv,,32143 32174 ,
1373,f3daabfa.csv,,,
1374,f3e5ba8c.csv,,,
1375,f40536cc.csv,,14885 15125 ,
1376,f436b2f1.csv,,,
1377,f4487db8.csv,,,
1378,f4b8014e.csv,8370 8428 8535 8573 ,,
1379,f540e1b8.csv,,28730 28791 ,
1380,f55be569.csv,,,
1381,f571476e.csv,,,
1382,f60f844c.csv,,,
1383,f6676cfb.csv,,,
1384,f6954f1a.csv,,,
1385,f6c9aa09.csv,,47777 47823 ,
1386,f78549b6.csv,,,
1387,f79c433a.csv,,,
1388,f8105d9f.csv,,,
1389,f8cd5bf5.csv,53726 53790 ,,39690 39735 
1390,f94303ef.csv,,,
1391,f963e216.csv,,,
1392,f9c5880d.csv,,19033 19076 ,
1393,f9ed37ea.csv,,,
1394,fafffa2e.csv,,,11896 12018 16726 16771 
1395,fb17d13b.csv,,12676 12715 ,
1396,fb1d8ebb.csv,,56427 56508 57694 57787 ,
1397,fc1feeb9.csv,,,
1398,fc2183f4.csv,,,28124 28159 
1399,fc4db743.csv,,,
1400,fc563682.csv,,,
1401,fc5a432c.csv,,36350 36459 47158 47217 ,
1402,fc66fc69.csv,,66304 66387 67413 67481 67797 67874 ,
1403,fc71b12d.csv,,,
1404,fc8e9bbd.csv,,38524 38600 ,
1405,fca30ab5.csv,,,
1406,fcad066f.csv,,47514 47598 ,
1407,fcc5ebbb.csv,,,11610 11656 
1408,fcd6a7d1.csv,,30813 30871 ,
1409,fd23736f.csv,,,
1410,fd365312.csv,,16800 16853 ,
1411,fd4f80c3.csv,,,
1412,fd5c34c0.csv,,,
1413,fd682ee2.csv,,,
1414,fdcf7bea.csv,,,
1415,fdd15f4a.csv,,,
1416,fe268139.csv,,,
1417,fe9962dc.csv,,44392 44460 ,
1418,fecf41b1.csv,,20401 20449 ,
1419,feddbe44.csv,,,
1420,fee70cf4.csv,,,
1421,ff037a09.csv,,,
1422,ff9089ae.csv,,,
1423,ffac61bb.csv,6883 6981 ,,
1424,ffea37c0.csv,,,9604 9630 
1425,ffeee97a.csv,,,
